{"cameraMode":{"drawMode":0,"name":"Shaded","section":"Shading Mode"},"sceneLighting":true,"audioPlay":false,"sceneViewState":{"m_AlwaysRefresh":false,"showFog":true,"showSkybox":true,"showFlares":true,"showImageEffects":true,"showParticleSystems":true,"showVisualEffectGraphs":true,"m_FxEnabled":true},"in2DMode":false,"pivot":{"x":17.196985244750978,"y":5.876834869384766,"z":31.660804748535158},"rotation":{"x":0.2250601053237915,"y":0.05696167051792145,"z":-0.013179999776184559,"w":0.9725927114486694},"size":53.90500259399414,"orthographic":true}